feature_1,feature_2,feature_3,feature_4,feature_5,feature_6,target
-0.28487549336967083,17.047723279985156,187.51387966090925,-2036.404485443017,0.2469300377954356,0.007247318076628551,1
1.987275999230808,-33.1298623646929,12.169792783901245,2219.773399011621,-0.13369782347707612,-0.006408394247649304,3
-0.4997301761516306,-33.40622319986725,-145.77720329452077,4780.497106022617,-0.3234904364080713,0.010177173146891956,2
0.8333339117803071,8.154485826650966,198.02578455534555,-1692.479252251428,0.07940745968667387,0.021835130213487305,1
-0.4500128579958137,-17.60548593992794,-200.55708126983797,1644.3645307673223,-0.029545567938064246,0.006535792196999771,2
0.6227112239002686,11.270857715281274,56.14045263111167,-973.4488348638931,0.09988538872400977,0.0005934972006600559,1
-0.30085974714082625,-24.2589946244815,-114.15103370329074,1.1271509262824608,-0.16089259787876486,0.02936903943415986,4
-1.0166831285764972,-18.879538238921004,69.41474893669877,3809.6913828022834,-0.20099057554785624,-0.004133931824956396,0
-2.0841129394985884,-9.117288110657716,-140.61409874916885,-55.58078897054908,-0.24689165910456837,0.021399955435407066,2
0.5522999376795232,-19.877040951381993,39.41596020930183,4883.9488212473225,-0.19962748043455775,-0.013249116008993074,0
0.6021183203924835,26.065413980351792,-105.54590144106952,4223.033596565598,0.06555519685341639,-0.011934610873434169,3
-0.7068925679873489,-35.046689197016335,-247.88468540996692,-1401.1111244848043,-0.26207261391561903,0.03177854918121709,4
0.5972282182533848,-19.45350219386033,0.4872291913911697,2312.199678456265,-0.07837187996230824,0.0019477499647613072,0
-0.5262478565174211,-22.91525037050502,-191.37841489397772,1594.9314612377657,-0.16623414647619328,0.012237336433745985,2
-0.09338685889994829,-0.05187721200121009,-195.64835012003408,-1287.8412134562006,-0.1811700223618331,0.015573352522275217,4
0.15697296096843422,0.3965259463227233,-23.65013287879325,3279.0348065668277,0.055022510588491946,-0.010994485194273339,3
-0.513196364513396,30.974539801358798,180.58540795509475,-45.8621207629355,0.3352440794013469,-0.0026571361459646827,1
-1.1062935124116342,-18.916266182922136,-62.54742243638398,292.74078647453103,0.27928356619566513,-0.018567014140807206,3
0.7450053128772811,-6.177314812725064,5.269513490814504,-960.4067498001893,-0.1913389173159987,0.009298315030812077,2
0.48387665118803974,-30.17123905031034,-204.54091500718982,2489.380263253741,-0.07174967285612585,0.005604217796727493,2
-0.9519184600222356,-22.025417441850358,-241.4260804056151,1822.4930949686534,-0.06635562779502342,-0.016206237631423495,3
-0.09546424708907303,17.423337398396058,43.98045411849165,-2288.0973164808206,0.2486117869557304,0.009463612718015662,1
1.2468917155347194,13.281028245599735,39.424844532849,-4422.017310493084,0.30639710470080134,-0.017510592439154357,1
-0.6121669171548207,-6.41880918691755,-185.91566821399422,-2567.839438428302,-0.2070257751657131,0.010407923151741912,4
-1.1476913898156673,-10.750675235398074,27.176518156988916,2299.067140508924,-0.21595091819783643,0.00954337401611956,2
0.5532512199847837,-18.070757126404573,115.12902028762335,2258.712468678515,0.3800035574214863,-0.00038139916172341915,0
0.3099989831655551,-17.135483402854653,-88.64958128862108,-2373.437105690269,-0.06289183690445176,0.0009502487976529506,4
0.20232879642280202,-24.171645564832925,-102.85266758762329,-653.4951078924677,-0.1675642851621758,0.022482769407210643,4
1.7025146581296056,-36.97970728413859,-70.45797088928938,-1807.8495353666108,-0.11205351168793183,0.016153499443723792,4
-0.19050310599781134,-19.54377035763506,-243.75649244367227,-49.27723895187874,-0.17661794566463712,0.013461220064809718,2
0.6256309336460009,-8.527698564234218,114.87896558897764,2505.037202566343,0.01917459790325231,0.023097746730316695,0
-0.22954865536034708,-21.005403166552963,-152.2921770211368,2104.984290601866,-0.011842355787966774,0.003412319762479081,2
0.19042388992505774,-0.27724602598190984,-192.3830889541279,3566.1198270654822,-0.12297511581426389,-0.014873235413507083,3
-0.062004009366031745,12.839204223957847,34.1869895300301,-2547.6120266858675,0.1176494641297053,-0.004093513890154743,1
0.35250496835687956,-11.487215305895589,-339.66678668214587,83.10747438852783,0.14516040865836954,-0.027741534731928464,3
-0.23655528721894603,-29.297978726193918,-141.19157745061986,2423.6081009956683,-0.16965166304541543,-0.00249103800625919,2
-0.7076258948220261,-3.1341165700191675,-235.06911392745025,-592.1389907764762,-0.3102747404296093,0.033210284206396254,4
0.820344012612456,8.107868209801566,275.39856558894013,-1426.415184746829,0.07910007340402299,0.023752821019502057,1
0.9321915642603847,1.155009021696376,-129.1561697161516,2915.968753688509,-0.15389417379307688,0.02776461313384797,2
-0.24852861807444937,-21.883075927556774,-36.328047895640346,-2182.1475272282,0.0015484710722402763,0.00015117028395130074,4
0.6855077387902041,-13.400225817357882,71.23160653458362,3530.74659584863,-0.1731815509702812,0.009957343599870999,2
-0.8638829605897661,-17.293615056461807,-206.34639096655346,-774.4185179179327,-0.26432359211166967,0.02989061564051734,4
-0.8184286659420014,-11.582921500433603,104.98014497031014,129.14468311219719,0.27714563377108725,0.025681643272017142,0
0.44921872128503426,-27.308456288930074,-288.22974022561016,-825.8895589333916,0.3738506949006586,-0.02104188298878742,3
0.1704637709965709,-1.5625601728232374,100.37799323075234,4132.242813180285,-0.08915883460653161,-0.0018297199457883884,3
-1.0565576427602528,-26.7798602910415,-277.45015005736616,322.6654333107053,0.24704246278178055,-0.01958239473074168,3
-0.18689615816198485,-22.678955479033416,-276.6666580966512,224.13385813876707,-0.031978242336392015,0.017903352874925907,2
0.39379729821625153,24.961276218273465,77.68395358985178,-2617.7593870591604,0.25531441291977774,0.00099762776618175,1
-0.8330560570007587,-2.8312784196792995,485.15058735685665,-1605.7985233676773,0.004106335422034313,0.026247026419347702,1
1.4769344261182744,15.901833163084797,209.2106584934561,-768.078203652441,0.17460396920003146,0.009488979695867726,1
0.4912076654119963,7.337205372802118,-249.09107518720415,-1063.5469443399647,-0.1933195825183275,0.01533728918876746,4
0.7751554940347831,-22.511816767429384,-252.61653467952857,-1227.675973514463,-0.2501660804590357,0.028177842357094182,4
1.090980425185967,-18.92672408751766,164.0330185183588,941.911138586215,0.35323141041699374,0.008991728722430285,0
0.47347189903522846,-8.155374755554064,-43.94005706605324,-1963.3573891015208,-0.09921394010401817,0.006080326599957659,4
1.9870611116994412,-3.36663855007153,88.97148908269396,1154.1524231733745,0.42317057081574777,0.02970696622969617,0
-0.7309562757154733,-24.88479610245871,-170.9508318179903,1633.3088509729112,-0.01907776423124803,0.0009687944504611412,2
0.446872500802698,-29.276934627407933,-246.40057128928743,-1373.25080960663,0.3299378242031326,-0.023821538941620816,3
-0.20447122098612153,-17.313239088341327,184.7998342221193,-1202.2728642867971,0.3137306380882294,0.02344779885548335,0
1.0237095461069814,-12.505410952042704,172.41068307718078,632.6390428424395,0.46363065269565773,0.020011108254526847,0
-0.38502181171286365,-21.54938781431321,-170.55684840228056,3536.136596503574,-0.1908674588748502,0.021105735628420948,2
-0.1942691319785193,-18.668796422308386,-179.56665376894193,-2361.5964230107584,0.01692309382716455,-0.006221189465460753,4
-0.24149744587077882,27.068815246413745,-8.018423829532285,-306.7167072046242,0.19639189344288163,0.005632547643005409,1
0.8760467925297942,-23.482646775026794,-168.21582160068638,1867.4022587286383,-0.1473238661734619,0.002797255635782248,2
-0.3212427661179117,17.318630689875473,234.06201361967308,-1686.857719907273,0.15021009300257387,0.038303006557208134,1
1.6259589153620633,26.137554959914855,-44.78355743937814,-2871.3264032837224,0.3460862534644115,-0.00278212104204731,1
0.26402008133367,-10.448574676110837,-109.31470554410514,3493.291798045292,0.09165021931509258,-0.001400278766359444,3
-0.34254920085776497,-1.4672327267487617,-237.2033143974374,1518.3404077907155,0.20080974753871095,-0.014739203117396509,3
0.756788679986982,-20.134359705490215,150.80960445847433,1082.8501723695156,-0.0905733173106071,0.012617853675039925,0
1.2289805024890619,-14.32140225230336,-32.15935510475554,898.9591971800692,-0.08248034479591457,0.004399184534793979,2
1.1356201471829441,-21.2360648871775,-250.85447080834834,-279.780910744295,0.22239290685158114,-0.016483368751341966,3
-0.19469729611668168,3.923075456525853,-67.29416518375895,1552.8037134560502,-0.2464043921967151,0.0327969769083444,2
-0.8567720938267928,-29.928099370638527,-20.74886703788139,272.0223897425629,0.16794311955018046,-0.014805418660902991,3
0.8141517621182666,21.068477092865567,-32.39638018013795,-3247.5364701046356,0.3070817976060232,0.00387651386549946,1
-0.7330329955239894,2.8169908512555297,-50.11103577710353,-931.8932464441808,-0.13832057623314725,0.014134608715209556,4
-0.8484286341908146,3.7465677572236644,9.33921924212222,-4301.4448302059845,0.016849314237754022,0.013411922076664631,1
0.041325632270618466,-12.645443460097907,-191.36037771302418,-325.70229956218543,-0.2432658931880213,0.029184429880912282,4
0.49986412374037137,-18.12576104562725,190.52745885186235,2011.0042484657997,0.10667893574253975,0.007939692457665147,0
0.3676492929914216,-23.099554603783613,227.84730678017314,1761.850180563862,0.1833736631474667,0.0006382608546419788,0
1.2958717818630143,-17.028542341714473,-289.577038667572,846.0952156977288,-0.06515399920280716,0.018981150198118066,2
1.7549330716472415,-15.098266933944052,-140.29136942424776,-1153.0843412093648,-0.16423846211055548,0.01908241041644609,4
-0.11622904312195817,-12.768429452687753,-332.4823182721109,-1088.1551466373676,0.06123593508031751,0.012859850572362466,2
0.4430021304473752,-6.474306400396306,-158.30660739425122,-1049.3565874203828,-0.2182238046807019,0.0212847420057273,4
-0.2561797524953801,21.012763208912553,231.99770343897882,-1222.0974881178959,0.2904982838291907,0.03445631691181563,1
-1.7858664919341112,4.621752751771053,258.1808437123112,-2380.5610544823116,0.08625828517969826,0.009991103715354057,1
-0.38852077518300926,-17.76612279960919,-315.5048166774903,90.2738313465743,0.3084985380432881,-0.015242059754635153,3
1.1797252083607102,-15.174769701883829,-239.51570377429445,2195.434830285904,-0.2683084441795928,0.024772064579820473,2
0.34980002456790754,12.692861400116449,333.4467887976368,-1824.9936810642037,0.19212537033592494,-0.004464363742101796,1
-1.9093560875072928,-11.141355904462069,-96.53543061087981,-685.5796403811745,-0.2465069236485473,0.027831725470508255,4
-1.5648027713620551,-16.573451894793166,173.77858907203537,824.787675047179,0.0984851375613252,0.01817869654240942,0
-1.92767257934561,8.229797118666312,248.08845685908588,-1279.1040861934132,-0.026848174740585252,0.0262848360565854,1
0.7505791675217656,-45.4353099413911,-198.9693656550517,2099.0364031375384,-0.09263990002948536,-0.00836114636607212,2
0.5950294658355647,10.664526733392636,143.04370065855713,-2445.844519489424,0.12357278221443052,0.010964386438317564,1
-0.5353350870162231,-8.363262984829674,69.3725432515305,-364.96415993439314,-0.15925367030516682,0.006051614399243857,2
0.2873289044030093,-22.62216076145495,-180.09632231492336,4088.2201411123892,-0.18516006619197878,0.018351122991605146,2
-0.8798143535020543,-17.675360058302502,177.51025910307686,1493.7797913561626,0.07604074205733438,0.013554578642235969,0
-0.8966422273152082,-25.011832154260453,-255.6700310068053,517.2246897938426,-0.2424999494621318,0.037504092316449904,4
-0.2788833941507565,4.096897445699752,300.05885122989514,-1985.4199285851519,0.026445541145323936,0.030801466836740652,1
1.2637066776546686,-33.60470050967038,-199.56233496103906,-639.7853854828738,0.29912389551819507,-0.020841232396878066,3
-1.6304732437151401,-11.347987586398576,-373.3474696468049,1839.6747015459787,0.10863931268355152,0.022724215578465674,2
-2.9911359709007233,-18.108852141436152,-286.4481247579457,637.3690321607553,-0.27093861049039225,0.022557421591084256,2
0.46926758980852623,-21.42040746605623,156.66934618184774,1984.2415048820633,0.211954401819294,-0.0009717738538766274,0
1.5634133588321082,-14.37128332200941,-7.014358708640667,2675.8907650179,-0.14015412591862816,0.008653925108697622,0
0.14488783309689118,-12.97308628456567,175.5684293421495,2131.2621675862138,0.3410093739410245,0.015200472058977288,0
-0.41299782214343406,23.504440249625993,201.14748562757322,-1184.0608203411398,0.3080248077569034,-8.349980451725525e-05,1
-1.0589075870566005,-9.763089031923485,33.90457054612084,1849.5654001884968,0.22258863303466547,0.01641742937469135,0
2.411676675578421,-20.786800066551415,-225.122028613798,54.12499139956473,0.4388355246484647,-0.018381496973659067,3
0.5731278132412001,38.78124308280243,-8.594313683304522,-528.6616457515598,0.4620838223622354,-0.014981932596976324,1
-1.3122191934314063,-21.445779802517926,134.5038311500306,1305.9041378411996,0.06333359025272896,0.004665935572125699,0
1.5781180575621845,-10.160540587616481,-270.80909344536946,1397.3105663172046,-0.31279740587460997,0.03602195134099323,2
-0.099094300241269,-30.718777953970395,-182.65496598967502,-523.7444919909317,-0.21143583805721156,0.03169986568074209,4
-0.6028206557839616,-24.98299279400225,-96.35383192711573,-3548.373030133041,0.0014653356398823592,-0.00852801478292506,4
0.1941076309533577,-9.353120713793587,-24.59414078732076,4077.620820671852,-0.06810679173772637,0.008267545311402282,2
-1.371673697230466,2.1866417825615203,-339.38764735765926,317.04977175358607,0.3135205297957959,-0.03082307817312466,3
0.0036956718478473255,-12.887921149463438,201.16678685451004,1177.713834131343,0.07430457199706275,0.023538580181439728,0
-1.6312758154609455,-4.520740880569127,-133.47122448953525,-772.4520267845894,-0.2953996714074652,0.02982908725925481,4
0.4086073077017676,-14.616813316244588,-422.9670273799382,2137.694312270295,-0.17831736315206428,0.034562960709762156,2
0.28872366282502326,-12.736585431869045,-232.71141813546964,1406.3395453412072,0.05841689257228749,-0.018844186631303616,3
-0.5865312695639355,1.097807704082967,-49.02610050436764,2158.133509446646,0.05059957060891482,-0.017822634876170033,3
0.5517407999109204,-8.281901081505383,-299.62334433557123,2270.3608263851665,0.15759892865992342,-0.01659889867290742,3
0.6791427754381955,-17.81771729100377,199.98531723906433,1575.7789195956425,0.4216964186027836,0.005286990914679136,0
-0.7188323876087304,-16.42446691925855,-330.60107443930644,-670.264560653425,-0.14975904252377045,0.022720237995288755,2
-0.7557915001583629,-12.7740402281866,-55.26108442483895,-2089.3803682465427,-0.1492681221316504,0.010904297513171422,4
0.714609790636618,-10.080614344032108,-230.98887342750817,2561.678226042439,0.12621574974228966,-0.007513322953354974,3
0.07748051851886253,-12.560055446165903,-229.8381358003982,2016.5353769170817,0.2384329795299328,-0.01514611300215145,3
1.2189707897936632,-21.606445005053622,-104.46419428791896,-2279.451639543173,0.046251441095085194,-0.007311853571985707,4
-0.09445871444200275,-8.555074932476263,-58.04874037362313,-2140.1829879983275,-0.04978953008129801,0.002082768108894877,4
0.38680852068920263,-16.997291602347854,208.9974899668703,599.1650201973076,0.2222917099894918,0.020105882473910697,0
0.5565531245337582,-17.01635062829005,-124.11107807369837,1068.1087640837611,0.20457943554237212,-0.017053730062716797,3
-0.08059974929676088,8.348592416701143,222.2602636927437,-1843.4540620497635,0.0438413415751477,0.04232812307235414,1
-1.869816339532164,-38.44746618688888,-242.8185365050325,-590.4346735492496,-0.17807417622095692,0.028705733769748748,4
-0.15525904882474875,-20.87531860287129,-32.75233165612838,1762.2835223346738,0.10860358906427232,-0.008221753778956042,3
0.38897872935218375,-30.783604282341912,-99.16228993976983,-2139.990133498489,-0.050851222696232115,0.00542905535554578,4
-0.5482687949250771,24.98623197309847,82.75133924076187,1348.6884696719223,0.2599694760357473,0.0034830702374610348,1
-0.20661127969604665,-10.024187871282361,155.9283260126155,2596.994958452189,0.09072716574092898,-0.007613615605759559,3
-0.7465783465402389,19.797079013287256,76.34549176278026,-661.5203551027549,0.181353303963659,-0.0029418204171200203,1
-0.06418817710849775,-13.323105777956869,-101.19056181424726,1134.3510676504145,-0.12494680641408916,0.009992941631206493,2
-0.6373077470287948,-1.2712871332748343,-159.3322907898206,1341.0587165658803,-0.08211063591702919,0.022962973494266858,2
0.12354769595558233,-25.62014258282683,279.07141763712644,1898.7415322140225,0.23239876335325574,-0.0023868386727462234,0
0.14125714008746323,-6.869466602006872,79.6122584839325,1135.1375043330545,-0.2588089043998948,0.005893881208696406,2
0.46667098196608103,-3.5213681099658234,96.78490286263481,238.51611808690177,-0.2937293624733636,0.008569607249937102,2
0.486036289417637,6.679517090898561,60.040029604402264,3549.1146565972504,-0.039096641951446444,-0.010517020692199942,3
0.3161559571827783,-16.350857424947442,109.86346011545231,98.06967310833082,-0.0004957983878453254,0.02142255719231694,0
0.6124687940136023,-3.1005754119478857,71.56652217379654,1129.813543634737,0.21549415173070968,0.03355679650271742,0
-1.6394841625254342,2.825899428710741,-300.2409816818944,1011.104151544363,-0.09300563816653867,0.04356748437811739,2
0.47004418736820214,-24.491472096026584,-125.76590545832109,-69.10013380030833,-0.19195615513799824,0.03033800074376153,4
-0.5835993263460049,-9.884347168754061,-162.88965681465,1506.987532697825,0.14866949980962532,-0.021004777249680508,3
-1.2032008553891445,11.248123903339168,115.5987374270672,-3321.2630177373017,0.13505148317919047,0.022206775102843728,1
0.14035986984804696,-22.27336122994062,-62.28954584529339,-1885.4155069942606,-0.012809508184806796,0.0017271849862826373,4
-0.24338397937501807,6.338655674322303,312.8699704198477,-1206.5547185391465,0.027747562176222408,0.017811666307902558,1
-0.39247110606087293,-0.8786894029206072,-122.34129770437893,2478.7173001126394,-0.20692865926441237,0.024339935411826757,2
-0.5703513664136806,-7.631184598526232,-120.9124305704802,2579.754597763463,0.04436292645739677,-0.015464723237274585,3
-0.48720292119492714,15.14884670793537,60.13194365232339,-2533.843142649603,0.14161474763111068,0.01623557848381717,1
-0.742484232538384,-24.23074339491023,293.2244069261873,1120.1541073314288,0.3274648115133379,0.0031642736480771228,0
-1.962625691672579,-16.513354799597636,273.887717807888,2454.535643179541,0.19932087384800032,0.010987599917930578,0
-0.0739475656083926,-21.170135673641543,313.54777471998966,341.72329317378234,0.231270972232055,0.013116596080698378,0
0.4547409121411344,-3.6975865529027274,351.83259947055825,-409.05027421446414,-0.10170694599712093,0.03601501500634879,1
-0.5098066931908826,-25.649375287623755,-175.28769357659573,885.0807072847164,0.1749936251264624,-0.019938128505982124,3
-1.097302527632844,5.279148014464941,154.5856593298461,-2667.5558610553444,0.047273779715894686,0.012715729849269993,1
-0.5057467042619367,-10.33784870111325,17.814039426011476,2498.8859039000095,0.11283731602085455,0.012387969528034901,0
0.5581395145185063,-28.08914513299011,243.89412877035585,859.3897877591314,0.23312847278434334,-0.003709034146812078,0
-0.9600462952794637,-13.833874783664754,-3.1281194598892226,3127.575671753675,0.11578410958633567,-0.005022322421301052,3
0.2531652380379812,25.950524178847367,76.52481534532704,-109.33747185350073,0.25002629106915536,0.01571082308611723,1
1.1590740649558977,-7.837511625421433,-216.05066486518027,1970.6935561105904,0.32373185012780126,-0.008993074115449399,3
1.4816634024625988,-5.199724810626866,-1.764052852051523,1338.6340401405762,-0.060747025467942445,0.029291766409754255,0
0.32159321133923857,-11.198388216911578,-262.3508895203914,-800.596302844198,-0.2188219904672986,0.024285799248027748,4
-1.5193460754768424,-5.780771824645839,120.13271849804772,2273.6844782275166,0.0012607500080942025,-0.013646008837239888,3
-0.35141423571373254,-18.649309864607947,110.25929576360649,620.5219529251286,-0.1591053094793744,0.019207954056851682,0
1.8876876573401904,-27.21613452730039,-235.57161625111806,1349.9801610577733,0.1470262235726044,-0.011615873465620302,3
-1.7762463334664518,29.932578566732666,-15.848752606378058,-360.39527414991477,0.3159690271606916,0.008347066411986313,1
2.218780233448134,14.161646685330236,110.84817028264871,-3623.4246254231493,0.18285550618077684,0.01843035746755709,1
0.01840163078343813,4.2473448871070785,-69.45960933939371,-566.6264240873654,-0.11882103388715266,0.012626865311028855,4
1.5541604207147741,-11.438059146416347,146.3640148834066,652.0328183757128,0.4809668023207918,0.01912687349146581,0
-0.6085897232397004,-12.427474048852327,-108.4294140654021,1531.6668170748585,0.13802344938863162,-0.009821872782782076,3
-0.5312142946075985,-50.89953717363835,-315.5564226418369,3356.0125428244182,-0.09502007813443242,-0.001284518241063719,2
-0.05240445057746945,10.884211847719815,15.196837099835125,-1165.8496939603585,0.06749853967476664,0.014237383974929496,1
-0.9096834169818336,-23.116321908152585,73.91137177846691,1646.720094656691,-0.1631806033845789,-0.009464756861400865,2
0.18142662011397137,10.548477689333403,174.12729939703323,-2124.960621649926,0.09070722021320583,0.03385611380028288,1
-0.8245141615276735,4.416602043201188,-135.65557591578653,2891.2900744292697,-0.03219146909995831,-0.01807883222054161,3
0.9113627221747217,-10.796931066650806,-119.53005626872073,2243.6543790437872,-0.00861369053415395,-0.013290530130580442,3
-0.04551224530124217,-13.82234443778403,-365.4911681371244,2761.176341024053,-0.06198501625698771,0.025151097372557666,2
0.9514492770580866,21.834782439088166,147.08546298407504,-398.4343106582746,0.19215649930914178,0.013567691988011932,1
-0.20585943088034037,18.253635442674977,47.24284293318015,-2044.4992892446114,0.19770659461545992,0.00121309921345353,1
-0.3519213178165091,10.657329816261228,260.2570302326719,-2064.3510979233715,0.1385732119406079,0.012979385931332877,1
1.0826910538870733,-2.6652167655821013,-292.629826130778,1765.4684703393773,0.1639577620543461,-0.02359356987108216,3
-0.1858457521927473,-7.715558896158016,-1.0148296057522543,-2390.3370163345744,0.028179318230191153,-0.008570988991973488,4
0.2514736089405121,-18.037046104110612,-210.9880580883945,-2784.0871535752817,-0.0674744226304995,-0.00011731917780762658,4
-0.8892408282283243,-12.587496414129307,-239.44398640439158,636.1480840710425,-0.1352667479274018,0.028629152293271454,2
-0.2634482160822491,-10.465825794610733,78.21001495557722,2615.2563412785903,-0.12786110109897889,0.02007334867161392,0
0.04351466864346608,-9.583056189777059,138.85560976601838,165.7850560842511,0.2044771276544491,0.029542365413966147,0
0.4632885301181062,-17.98452394202306,267.1169515456462,1360.3170908657507,0.24916638305515978,0.012084245473440097,0
-0.3078084711388841,-35.66716882103232,-306.9164090408011,980.8396945092986,-0.08554554380063144,0.0039455488647623565,2
1.5730197252148563,-17.667167514411663,196.06940440930688,1670.275080210961,0.0013727835183861227,0.014007760473816262,0
-1.3993061748019415,-22.973698609793374,222.7707277455085,1941.6677473767177,-0.04772471888591026,0.004246813469373376,0
-1.2931415437586478,-5.468236599729859,-4.0889019969074125,-465.52847358277296,-0.12045445375401101,0.016024869183291057,4
-1.1306153349375263,25.461508773764105,183.22117657396834,-1786.365894727712,0.29009354856712394,0.00972241069268508,1
1.32579664754219,-4.476520190252442,-328.49515078326044,646.8682573407583,0.10894304384323161,-0.03787451714748629,3
0.08520944963390106,0.07102372813096336,-23.108372664099043,2560.1967829652663,-0.28370534765402483,0.024745129050295415,2
0.38632331781156,-4.0958954374145495,55.45681283754595,1110.555968382437,-0.08363605546952631,0.03789038424325453,0
-0.9266983088473107,9.97858474571484,221.35936572074817,-4060.321920813941,0.164678521853389,0.00754965228676643,1
-0.36920720044744615,-33.480249628839225,-64.64664941034715,-3309.305594004384,0.08687029776192157,-0.014289621023535043,4
0.8419836954521269,-21.65612426141636,-10.343606541826755,-1799.9652478851299,-0.08685346970849774,0.009658027168089743,4
-0.09363618873917084,-38.19020189928332,-217.8349486322118,-201.03583000787606,0.3016008660518294,-0.01066163190604045,3
-1.8697416996954206,-31.66844611979597,-223.1846908831671,-1060.318720173811,0.37909301400767403,-0.01848956121093324,3
-0.5698329282387588,-40.82274826661697,-113.71142542844753,169.57920367373114,-0.10058451242079376,-0.007041203208154796,2
0.6102161695892225,-16.577171434002675,-181.32775132276956,1683.4291043440332,0.12484164523463422,-0.017768395376550707,3
3.9262377064363267,-40.47232229578932,-378.625739538632,584.4878930760988,-0.07117866776023705,0.00897801893917043,2
-0.4835614838465371,-13.256080760027567,-65.5109676993849,-2698.926184135158,0.04774019504703231,-0.01092102673273029,4
-0.7296024698074095,-18.910559700028163,-144.52049500784256,-2999.642819698194,-0.058716559608162314,-0.002399784107211973,4
-0.061764199860128925,25.12197298328772,44.718206310775585,-1597.3822411530377,0.3520761684985387,0.006446379799215671,1
1.205994516546816,-26.745061899425604,-248.87716574312978,-500.46797934394993,-0.2960610133746539,0.012355038169474298,2
-1.1617838439123638,-5.07008096602077,-194.63118193117595,-676.0097535570363,-0.3508778345301106,0.03613036971467957,4
0.8467707752164937,-23.07085536416089,-199.77376167423046,-350.8538105660717,-0.2504066643556998,0.03476386507211494,4
0.6927227551168594,7.68940622083405,-184.4018870415809,-2132.699829121688,-0.201185054118719,0.00962921413499665,0
-1.1171864617070024,0.6598431591614706,-48.431388021726505,-1865.2755025017566,-0.16138848854976373,0.010574617072927391,4
1.279464931657751,-13.031429963547726,-84.5849461155153,-1810.3202205163802,-0.061322713655917585,0.002967215758992683,4
1.7246966497611085,-24.808866300775104,-136.48424664418633,-1435.307849246541,0.01990255455238197,0.002036686442179818,2
0.3687331473175197,-11.217495631979677,330.0982110381401,-4103.451206260068,-0.08784734299896729,0.03227583632369139,1
0.7774073527645112,-29.00425236130994,-259.8587363445419,2647.5920810526145,-0.0873775277653857,0.007888597961257323,2
-0.15083771156669531,-6.692820331244996,-2.0706221359890753,1450.5476533364838,0.10890409812000774,0.023936632683897563,0
0.07203686128374476,-6.404549664693028,-216.62334675983348,2585.233292559396,0.1604759819885776,-0.011767069575503287,3
-0.4516594761596227,-11.061190206193084,147.95165642327754,959.4585187848377,0.21671740666008948,0.02397782915918407,0
-0.2885486958757048,-12.009853487344323,-55.7966134920612,2323.499407079498,0.009775842642973842,-0.010273169277783942,3
-1.1022921498364233,-16.923644208962457,44.52110807202854,2015.5391138184928,-0.18617249582702228,-0.0007018100679813899,2
0.24930859564172886,-17.908610727981866,175.0025667674345,2350.9503719613863,0.24462903380809747,0.005565791684122587,0
1.2571492168625729,-13.747168448568614,-123.59671863003543,2742.7988862096586,5.334871660596097e-05,0.010774206341552463,2
-0.4561208274741882,23.062810463765576,111.0829569644757,-1275.5753700637856,0.26794842575021777,0.005211026605091134,1
-2.1305664798072006,-13.316755921017602,-174.1803646242438,767.1273339759305,-0.16448567184008606,0.01979410911624242,2
-0.7094410024275466,-6.103425893806734,-114.51714938463218,2277.4982770411666,0.13806721088064414,-0.014233111380680981,3
1.223083067095325,-10.471931491892088,-235.0900169818483,787.8057830992328,0.3051393993595145,-0.01903067072671124,3
-0.06863404608546861,-1.429850065384024,-77.2785215651807,3828.612433744039,-0.030930108697991822,-0.0020100830441195884,3
1.5163940552535728,-25.798009250173706,-187.18725778144773,-243.28566799092278,0.22201964078985525,-0.02119736734546656,3
0.3350580290841175,-26.585006950311637,127.30053049600897,1106.562442882621,0.10195917752227678,-0.005547180783098282,0
-1.3354815690998914,-15.273982192263393,113.2622298975352,3671.7850414442437,0.19148665732858797,0.007261823959713816,3
0.7682072166317373,-22.648341190789033,-70.38184498221331,711.2880521052211,-0.19892645571556578,0.002629699975562272,2
-0.5293321124483709,-4.660094208081322,-210.7133176163134,-1802.4070717872744,-0.14736253439318117,0.01014963353282635,4
-0.463161362085399,-24.48473841063503,-204.91569092889296,1077.0506345844328,0.1387812736957602,-0.012554126284507666,3
0.02390304328495547,-7.627164693651315,145.22323275389,1798.4036105291748,0.33163925839627617,0.02123962794075984,0
-1.7312013034449254,-16.562455312037578,-277.57913122298356,-1482.2836838472351,-0.16410657627986824,0.014739054303363966,4
0.42548993324023027,-8.601472711549661,-160.02274494754155,2178.3054653578774,0.21280825707345807,-0.008465499068440374,3
-1.1300693390403578,-5.006595284446225,-32.426452518285444,477.28405405742967,-0.15095573233451917,0.013755779295026662,2
-0.3020454994898642,-14.86766782250762,69.50252984399687,2232.3488806321184,0.280885783339712,0.0049034226914861905,0
-0.6497652268482671,15.017553235282579,165.55868148138632,-1727.5163155929151,0.09926238520178646,0.04588284086400325,1
-1.008554684076208,-17.648860487447358,207.7643269312583,1686.2590749306871,0.06417569279492936,0.016333641783679853,0
-0.7837535211244283,-14.292895156992351,-289.95918259955647,27.480231094316963,0.24941689734975278,-0.02468364258404662,3
0.48206672733538614,9.171325911805706,227.58126572178236,-3251.7676830340783,0.1598859427020839,0.034340323756108695,1
-0.5923559556520536,-13.466701357740053,44.86344938175404,-41.030692126962535,0.09718257289669241,0.023713862769887753,0
-1.0385438208439723,-30.57105665290734,-150.41437995504282,-1724.758869132211,-0.060922795995070715,0.00991072309670828,4
1.472670675750982,-11.778910386490914,-62.96788825459251,3717.556938846785,-0.2060925568656746,0.01774024997007518,2
0.5820265670847269,-19.735815634644457,193.33238667242577,2139.8953113814023,0.07371000044927511,0.004431735814174794,0
0.35845361820962024,-2.5176791870823223,-67.65718589365686,1584.6736926767817,-0.26026189679493966,0.024238956986339433,2
1.649480894323921,-9.519244161427894,-98.10812091075529,-496.36452474842275,-0.1782970883171715,0.022099167844408307,4
-0.4114931445621802,-14.563887241431637,17.39357602439715,-2549.2021016693193,0.0821503786848426,-0.012634429204632274,4
1.5628887685081978,14.540908213228292,270.852810865681,-1564.823618095401,0.22697726958491946,0.008979432211921875,1
-1.5486182988637467,15.500741500885397,28.528968724868164,-1039.8896278801278,0.11815994185691103,0.0037510144537468548,1
-1.1755946056248516,-11.16122066336664,110.15549392221442,1289.7792805421182,0.2865457695579431,0.020560347142143325,0
0.9965705105794472,-4.862283332446999,22.912258020446387,2446.13061476941,-0.2821588079304535,0.016786029433286838,2
0.41960997202411815,-32.18734712754609,-140.83078499354514,-852.1406744796939,-0.15456158016934216,0.022805843810540637,4
-2.7475048427252347,4.064632619331443,-215.5128021864054,1802.5042284928654,-0.21406098731288214,0.031667186273569785,2
-2.1272274203514954,-2.10091606287091,-151.06263536251157,-2265.2424874599683,-0.18281575200854244,0.009104279503045298,4
0.2167755637626291,12.157580576197983,200.97215757597397,-735.2405233009213,0.04125767081037832,0.03784208534409031,1
-0.04889718347410554,23.260179097058437,128.37106700465785,-2484.066416910641,0.31519719335151103,-0.009955788381445929,1
1.9541574337502863,-29.874307566043665,388.23002149016713,46.537405220000714,0.2733878251517693,0.004058318230883571,0
-0.29983819627488056,13.26689949846617,157.43678196464148,-1826.56516493411,0.15889118412882774,0.00866913855798078,1
0.8745170741325226,14.407091676584953,257.420180934986,-1571.96525245034,0.12219769008458355,0.02094670609475852,1
0.6220699903060487,-14.334646884564437,118.20925615367143,1142.5314513982344,0.364999928815756,0.011977891114732176,0
-2.529560077694303,-10.65112018429927,195.35277021926208,89.67821008657073,0.30993703340948225,0.030819553293370685,0
-0.36650702036805183,34.315812407323605,57.742062695966226,169.476158766106,0.34365960265137574,-0.0021107798164256143,1
1.3883377782084478,-17.59784606890865,-389.5256793922451,151.23856817242353,-0.06566405780018288,0.026433715401558623,2
-0.936506374789596,-30.850108105860738,-280.0174925926262,852.9305849195416,-0.03132776176017591,0.0039751660242106504,2
0.07268052432934134,-35.167578751012634,-248.8063312622282,-441.35335673641805,-0.23859211742348269,0.03282703870459903,4
-1.8206033005485172,-16.493885808022167,-178.86358371698356,549.4752520425524,0.1040797905878081,-0.019251468128338566,3
-0.8043157596599924,20.7809654697051,135.81506272810455,449.1339640413683,0.23699781707020817,0.02642566282307922,1
-0.03757064497948127,-14.787620927694975,-249.7683883810777,-2893.096893412962,-0.1194421064822444,0.003984812647230729,4
-0.6582484123338483,-5.312225738509571,-197.5664065587426,1285.2591558339318,0.1498420526985944,-0.0190314403352167,3
-2.9069882193216414,-16.700046452452007,-153.755492322939,-2621.3541584653835,-0.007442354050407563,-0.004350578676685233,4
0.22054142701386686,30.966253105607496,-52.29156326130493,-1160.9372516344715,0.33450551172304305,0.007540521290289813,1
-0.23052462518025083,27.597495272353783,-110.85103508607217,-380.0616259848093,0.19249806951616732,-0.015469513425518317,1
-1.9122549754197768,-1.983331580841503,-120.5108679748136,1852.5655221527622,0.17154226329553673,-0.01820917982571522,3
-0.41142660711600243,-7.617935498912106,-109.8013981864167,1920.1215517020746,-0.16525599152236398,-0.018595161977146706,3
-0.5555467794868666,5.287831765237381,-283.93635948585995,2728.726714971594,0.11067920632767297,-0.022636090700773343,3
0.6255080168310357,-15.37414755878194,169.36861719696952,1316.1703645182383,0.20283558659731812,0.01306431468493753,0
0.2577525401427507,-7.757046899545957,-249.31106352446855,2261.498328026619,0.01208281406419367,-0.02000269763755882,3
-2.120700152635066,10.135423748449268,-115.8595309661183,3480.4712654769883,-0.12686513319982473,0.03813295210239211,2
-0.19646658342809717,15.418674009806308,114.44920143821085,-1152.390350273343,0.12968214646216378,0.0025434987023194846,1
1.0383788510193166,5.937880852662376,-148.89570930067862,2671.248546969883,-0.047738908407523886,-0.02081742109794968,3
0.543479378670093,-6.069121047203434,-201.15355024542168,2193.782720841995,0.2603620968236899,-0.013599828266577121,3
-0.1873290184063747,-24.74922314677493,-131.2143367384817,2930.815675503335,-0.2855555874592729,0.013926384683321818,2
-1.5166425494207911,10.906169098866933,175.23521094212276,-2280.2130520502474,0.14913341893771795,0.017861725649175507,1
1.532367724678116,-12.55833158069783,-4.120733794923304,1784.445906952588,-0.028613503475355163,0.012928525678495891,0
-0.12951724686344077,-14.19930945634863,-14.404185163395189,-756.8003849072545,-0.16582673710621568,0.020405101079452734,4
-0.2739930818293042,19.4351690082839,17.219189882092166,-1400.4307378914173,0.10701615768853792,0.023779682523160723,1
-1.151014083619507,-29.603114206090233,326.93244348543817,3.0017450842179105,0.20482673183192768,0.0016976426166744553,0
-0.5309708978119645,-7.818199426080277,-8.427565618342214,2423.864988485364,0.17880674780196032,0.01584768668006818,0
1.7349365758368085,-33.11681799686249,-96.34460846467442,598.5388491386086,0.15560020859461132,-0.013270704592202155,3
-1.405189846803575,13.304983277790328,248.66966707119536,-1407.8442855386375,0.18179024283645648,0.0075199199656258015,1
-1.907807557877391,-22.054053317914388,-58.218460368965495,1215.435702748989,0.1780408094432685,-0.008550288051070639,3
-0.46649537922819795,-10.331520192311615,-18.932585887176124,3406.6999635788256,-0.22192226456299094,0.012878506930742425,2
-0.1767741631157821,10.31886369327519,321.70122964146384,-1174.4802830502513,0.06873941409707167,0.040700263339147974,1
0.7318707042882956,-15.120899132182277,207.55675728250282,1648.2120649615613,0.13681845123257746,0.016504399926079084,0
-0.26764109089879357,-29.861326419606122,-219.42940102040015,-2391.673129568211,-0.0972022798712774,0.009563447979240778,4
-0.9244659881295544,15.768693737912676,148.16901001606985,-915.0804661723374,0.1353769257162457,0.011434698153991672,1
-0.13939720066323416,-7.344921155608942,-115.89016415580471,-408.7052388712957,-0.28675972433118396,0.03331909323729664,4
0.6404797952008238,-11.957224830925927,-106.19667660501453,1267.4891556977075,-0.22232337976634572,0.01591421102230824,2
0.5798572852951321,-6.491709685338803,-307.3285827784748,190.91456659297123,-0.3532012788078851,0.04204186579614831,4
-2.0870270186020687,-55.41291028100569,-438.9781500499615,-263.0268992035341,-0.09399129720799251,-0.0031241567726129115,2
-0.9483480042242007,-19.523504078402166,288.1165546730074,98.42658441591045,0.2662077484521867,0.016766909705556683,0
-0.1344967844017327,-10.65953812220261,128.92415128168807,1816.7569602679255,0.35366949635805217,0.01625170222676977,0
1.0706105599791862,-12.488138946240683,-87.70677120032168,-2638.2400366919187,-0.08104318102012928,0.0015635527502466217,4
0.7396531517246714,-9.531643199918104,-303.4738874139925,-1306.3556452701498,-0.29037692462209314,0.026388040305840157,4
1.7388513518533313,22.986517354654815,-5.600020969748654,-1752.8361216001929,0.18450224356177847,0.012368877591890082,1
-1.6548874362282961,-5.460946668524622,-99.44781749977687,2624.2294535094625,0.09023587294721569,-0.01303032706534108,3
-1.703871586826719,6.366265817781281,149.06082369011858,-2387.358465871316,0.029889509158866946,0.02250714941254696,1
1.197246923645228,-17.260961020321048,-197.08807496349075,1307.6121412963537,0.2503602624354892,-0.009135510171063234,3
0.8691545924968965,-28.604908487114994,-280.31307769108065,1371.4150383154074,-0.18708856005433339,0.018487330908018258,2
-0.28313889674376713,2.021864397320745,-86.06037064215624,-2144.021907664273,-0.07241811645003468,0.0009734016730598327,4
0.41486550036191044,-17.593240209914157,94.12597790706333,2122.8075831577426,0.14888811353704717,0.00542061424364905,0
0.34233783448962146,-9.084087556587686,81.24074539460803,2209.1576471435214,0.3066688762896697,0.015304781154870235,0
-1.5473039889383655,-5.469090551641454,-198.68176658215492,3675.4337384762475,0.23878214774115192,-0.00613071239934801,3
-0.8866809222834573,-15.494827689883483,-138.36531513907053,962.0882738280377,-0.13539596446514188,0.005368282241203082,2
-0.4853058353678683,-11.09935672453393,235.60716311759177,2197.1517675120836,0.31830326284721006,0.02084488269836709,0
1.2002617497388293,-8.024365632560556,-250.1136274451258,1669.9398385003294,0.26924989107478803,-0.007136170201012377,3
0.38298898474092846,0.12628292423084053,-247.59146122745364,2721.7483430338243,-0.18311445925905262,0.035470658732681806,2
-0.33286040438251124,-22.729110344661333,-263.0051120445845,-116.18639157592203,-0.2964465546279433,0.03907433706223912,4
0.45060341286253885,-6.762355101744876,-81.09474402352598,-2720.0720014475514,0.02784989998007903,-0.011008593004006055,4
-0.5289777080640152,-14.366257650524062,-226.14517795389258,205.98586757418013,0.39004311718974416,-0.025045310197425057,3
0.1435879365051602,-13.956192139192378,-140.52467784755592,-2130.773612063765,-0.003451397720149796,-0.0027160293850387695,4
0.46320629209912306,-18.66936211488622,262.1540092886013,1110.5323290834137,0.059382454791921925,0.017912864495318308,0
-0.7582820688875902,-17.142438496881972,156.35434700303088,1852.5675181692195,0.18081829672292338,0.00791598012863777,0
0.21471318317052634,-26.68011137699285,-357.00947702474537,2683.260340376318,-0.10310585563233819,0.02356134350581796,2
-1.3971181851129912,-9.168518873240526,-20.744514152727955,3616.321519729271,-0.10010458296530388,-0.0026459845639541847,3
-0.08923415422144892,-17.482133121325113,-167.2200930948075,-1503.4942306185947,-0.16823636203000714,0.017468671173144518,4
-0.031058932870901952,-7.548394541149594,2.9488215711406696,1558.2305217449543,-0.1295649497634273,0.009004059037470542,2
-1.9670697035871523,-23.844045030713538,-168.71892469085194,-1804.3075419346249,-0.19170521592243786,0.017754622539494322,4
1.2723535001067678,-22.64913038252522,64.64972175289682,1858.3766154506668,0.06225063338898901,-0.010559141462835027,3
-0.5846177306571996,-12.240033281150044,-110.77857683556425,665.438123933176,-0.08953250109014929,0.01505889934529138,2
2.6930336639804966,-7.009080900617635,443.84808051321943,-2369.1695678755323,-0.055225829902669776,0.03236136084781824,1
0.10575379127148042,-15.51030637632321,-134.8348798605094,888.8130315023325,0.1258886192552444,-0.01702593609488625,3
-1.3683150388328105,-10.207343019620318,-456.8520462443658,954.9370090981832,0.23535264463013592,-0.020763406320479978,3
0.45838670355148425,-10.278252034028277,-122.06804850003527,578.1984229145614,-0.1800547218623736,0.017807512857622627,2
0.7324921027798023,-31.64472679318539,-152.87035379000562,384.7995518292047,0.1726077470501849,-0.01562246521645314,3
-0.5391227031489786,11.325599757378672,136.41459587173088,-1738.9567301475602,0.12857382301937148,0.011000402179340731,1
-1.2417605754816243,-21.62797979866673,-43.95960332612192,108.5434361827331,0.3071889573807231,-0.02178817458719668,3
-0.7121738641760436,-22.81708647663355,-57.94162879860121,-2193.024755204639,0.029252317100118844,-0.0038902020504799273,4
0.8539759765522237,-13.33898644135504,144.33782309037338,203.4279819586635,0.4877879757543253,0.018068098129439044,0
0.224216404290793,13.69381247438251,-363.74752976159067,4341.7715637532265,-0.011868874060893231,-0.02036016609396861,3
-1.167779551267935,24.621434931549757,88.690539982862,-654.7321318949652,0.20910262289846004,0.012531540435560849,1
-1.10486279306252,11.623064182645251,292.64623413868253,-725.0024836823104,0.12257535022226862,0.028496018893890824,1
0.9515497705740428,-20.904140697966977,-223.30282492557188,226.8660629488539,-0.28848914699796263,0.04109121122353404,4
-0.6315777291653314,-6.858266610787651,519.2815527428949,-647.6425432732636,-0.13474476493883683,0.038050072362415574,1
-0.6677795564688862,-21.408720346780573,-53.82791139503893,-554.057306173648,-0.12917132187645738,0.003038672750189884,2
0.5835443030118876,-32.402641915945274,-98.4461393949682,-1832.4292763448832,-0.13489662110603887,0.01531175754805021,4
-1.2021495260760888,-16.10660933090569,-204.77334359825298,-2591.272222271779,-0.07714470426730338,0.001642517024521848,4
1.3183023248526693,-16.78344996453405,-29.253238280822515,-3125.4996257731927,0.14056666585781383,-0.020615382145654348,4
0.4535087125544674,0.6481003084244086,-88.45146780413367,2537.6054323541243,0.03161554398580986,-0.01989755707083236,3
1.631856899089109,-24.490871316143703,50.59837359378321,-1503.3202110899356,0.007501627897542763,0.0019997226631813738,4
0.29562448874709507,35.29375326311126,-120.99275292638363,-1245.6404716666007,0.391579000318967,-0.00426242457835164,1
0.10940847183297006,-16.43037741412508,-130.96767652568386,-1211.4950909816166,-0.09656370404291084,0.012863006116642841,4
1.0487071264165635,-8.516830496671165,-222.3327015838134,-2550.6421472161974,-0.19604358120827534,0.010094583033599345,4
0.7597122954841684,-4.531916949958998,-137.0140479542193,-2756.8583020761425,0.006565254380652696,-0.008392569308519686,4
0.241321934916781,-10.0678794169832,52.246536604057944,1888.5535384597865,0.278696230234914,0.015563102808325003,0
-2.238231233324972,-11.946986041038114,-62.27034476018672,1230.8551607839968,0.015470385327564307,0.0033177311140049426,2
1.2179591523055584,27.121993191091136,-30.114854442370785,-774.887309579251,0.2767675396200832,0.002490396519284601,1
1.904136589573007,20.395075717763653,15.448294033649134,-2468.6689396982683,0.16564543867403422,0.01951236452001631,1
0.681359510442948,5.431665905057899,-188.67464867645793,108.9020650255883,-0.2098982856831572,0.03710046759295045,2
1.8325570434792018,23.525575243064285,118.13400052784249,-1644.672758896476,0.19766120459173112,0.017901870409753586,1
0.9153902755601617,28.783761175258718,120.84986138727689,-8.458748278176165,0.3017145275435795,-0.0010341890943663312,1
0.33417641724489744,-12.833019350213139,-220.45522425403098,720.9163248261185,0.23102177765469847,-0.01856803935683452,3
-0.8463159774657358,-21.783607188995042,-244.13630581760862,770.9723926818673,0.17818150010627629,-0.017025564319662245,3
1.52100622715938,-23.089552393912033,177.74494378247502,2779.592774217103,-0.27417494820694593,-0.011193986455660077,2
0.6295295842218108,-8.203876949263101,439.3093597964892,-2754.7031290331006,0.006947721023246989,0.03640015130130835,1
-0.6039806259692295,-41.348130181268345,45.498761515396716,2503.1378767923593,-0.14086505117036957,-0.019773407856756978,2
0.885231482988991,-11.285207611007467,55.89278740025524,2397.5309523792944,-0.001992057305641359,0.014142874922497519,0
0.2700573583914221,-25.574683694383197,142.39683699563597,2113.190805567962,-0.009615634022089781,-0.00036688223539330214,3
0.32950873557300914,-6.435317279061184,31.853676796727903,4087.2123194234023,-0.4102347360345796,0.025539175157905235,2
-1.2961166642498945,-4.268672905006829,352.17503564588253,-5375.552343405988,0.03442707006038801,0.03962091647055127,0
-0.7179188907476018,15.771337260118797,80.65313193716374,-2682.983895662824,0.1855092194370616,0.005810266730134317,1
0.22526411724754952,-0.9850390922219154,-120.27520417132776,-2424.4094421102345,-0.0008987773412306278,-0.008745971822713533,4
1.230874513154735,-24.47982374028914,142.6483295116877,2225.7421961555115,0.08813946981495488,-0.006541692296346486,0
1.6850142787085094,-15.539061724814637,183.22493955714606,416.4234582824544,0.26032043584719905,0.019901431429793982,0
0.33385996656853467,-23.980777490350313,159.5278765837816,1392.5517088838008,0.07612522023008536,-0.00035253544750204704,0
0.2522403964266774,14.322376419823986,23.572840683136896,1606.1531569564743,-0.14007651281148298,0.03290646794454096,2
-0.3596296724524624,17.137162317907116,207.11238097082298,-447.68654775540153,0.06255090678207521,0.042495929889820976,1
-0.9822940342546795,-46.727945226995196,-250.3071652799921,-2099.6160964178425,0.2142969675599078,-0.02997069032024912,3
0.8451579711843216,25.493051917517306,32.96321773687054,-2134.763655290303,0.327219720623303,0.0010749722196438016,1
1.7473631979155582,8.087417423660295,-117.92422530051343,-709.1492345921897,-0.005486530311739646,0.029414520650714506,2
-1.2693304965466992,-22.139474236779932,-271.47835292996155,-233.14764670978505,-0.3644628240845743,0.04480954553968676,4
0.09175248444837286,-4.49823054384783,-100.30730085332817,1005.9854003891579,7.937129357431516e-05,0.01320012553620217,2
-0.4911537471421047,17.35901725901206,117.54998162644192,1061.403316317027,0.08159817143554543,0.023665202508107736,1
0.23402445435314795,-35.12917921559423,-154.95667183940748,304.8067435988424,-0.2660509627074061,0.041685112530346694,4
0.7579218499236196,-3.5627731449116595,-72.76776784328362,1496.361626117301,-0.19217930704048714,0.02590440839769697,2
1.1539007342557472,-15.959309170938443,-56.64936736938442,3100.4864122022327,0.10403539225618008,4.1615191268731255e-05,3
1.2005316584738726,-13.12675193293697,-155.73241325653572,-2087.6405623020537,-0.08692521394329855,0.00469455756849843,4
1.9625871905307948,-18.11201626218753,92.300047747896,1875.9013422353091,-0.04185045831674688,0.008872219913761505,0
-1.3671378064602457,-12.029643148450957,70.39753846501183,1735.0630012640374,0.25791722250513976,0.01328996474427352,0
0.8953554307625996,25.291925009417035,76.41045800638146,-1776.5937663057018,0.3103759575481245,0.0042928066340447305,1
-0.46580556911816284,-20.948223346398823,205.8240627151414,3534.5945505925297,0.07805312561950034,-0.0056551621497145585,0
-0.5888668267386961,14.66805730895526,24.425876908447886,-2636.9122226083127,0.17603534240805108,0.016061802932702582,1
0.09337237427665124,-21.50890141033578,-6.775903178123044,1600.7379524073876,0.09662938660137171,-0.009878920203778408,3
0.5530400858523584,-9.525446330755242,33.91168507967301,-2796.42058180992,0.10924874692654063,-0.017960555733603053,4
0.6686548047579066,-29.01250750419507,-252.31475853096984,898.644935039075,-0.014217055456727024,0.0037318668238021436,2
-0.6967718184295749,-5.36568046982263,119.60396182554392,1332.1905120033655,0.3362188111457967,0.028352653944501406,0
1.75547569831549,-12.470959564633738,172.382232988436,168.7047866448861,0.1687493936252081,0.028800461501139435,0
1.8486088332964115,4.480788594526932,-200.21502910341118,-860.6303404344202,0.022310248653864218,0.02891294713293556,2
-0.5164296438875717,11.639542069023305,123.09752464392723,-2239.3380475732456,0.20558581812528606,0.001955292129227537,1
-1.0211624575603002,-15.817407406660752,-154.5125967747006,-2174.95210291355,-0.07682550418538088,0.0061075966701441475,4
-0.33513778117145177,-27.552246647524044,197.62373883625236,2014.941661015197,0.25251783114389653,-0.010863095998095882,0
0.9553005582377528,-6.862860509175764,-197.4140238880484,1967.6634374005657,-0.2014577586609777,0.023524372811704,2
0.09806753953894455,-19.042135670235037,-295.11709642563375,2120.6763110693732,-0.08677475246133257,0.018346755734288612,2
-1.5171736966716791,-19.83315950682346,-306.156732723172,-83.4549706347858,-0.023254516257592273,0.015427808790679086,2
1.0114630354083562,-19.66782498231365,118.24076418426061,3813.260640418728,-0.031143630193638996,-0.005113584091595623,0
-0.25885440036983165,-7.503825928100785,-19.04908463132864,1766.3791060026049,0.23785486235823594,-0.014067364594430608,3
0.058984221589597374,-25.32593484987536,41.307756346237646,1554.0602938704264,0.008723629294968482,-0.008123437324168332,3
0.19502498402812674,-9.09129853087499,194.30423823417135,-731.4409088127793,0.4207879660651001,0.03651418229026857,0
0.18383451632250436,-0.6381537512179514,255.9438022619374,-2388.7682468319767,-0.07034989216383813,0.02010992291960296,1
0.9854496856152184,-12.869695944576671,50.966334200589,1870.9175361971547,-0.1751907016682973,0.003685887814066231,2
-0.838585798447231,-14.98792287834387,-498.4453079034037,770.9171493659535,-0.06241090098674386,0.0317091741563116,2
-2.049941278577478,-26.593299065590756,-268.760008117268,2796.246913404846,0.11226758016508209,-0.005018642144759713,3
-0.6355578414044034,5.623839874643883,334.6253731258571,-1979.8652735162802,0.04786583410489831,0.020805245539039445,1
-0.03143917037477642,1.5986266929547188,420.76465492588034,-2723.605138683288,-0.00484809248639333,0.03347547252640909,1
-0.03361256470371301,21.86373633691192,-122.6246809003833,-2047.1293091113578,0.25070485587937247,-0.007042886086591183,1
0.8481742126666681,-18.039371763017936,171.20549872045893,2793.4845500197307,0.08102798469071515,0.0061595027464914276,0
0.4322629506341555,-13.076155526756253,-170.4328730061362,1086.5150625342458,-0.32789631455794144,0.04668376218756495,4
-0.6078752606758179,9.974112795857558,317.0382468267898,-214.25231458410244,0.12213488903613906,0.000624470976140854,1
-0.8950698422766047,-13.484960086756654,144.50540398957605,1647.2133742028363,0.07196124547690114,0.018109405691778054,0
0.26044226333355597,-12.977047722684462,47.08909383383062,1715.068008606009,0.1043903462647994,0.013968604855384443,0
-1.2094769354188053,-16.822597658613375,-170.06837037849215,-1581.2323817563301,-0.22250173088186775,0.022977775732600143,4
0.8555556590207121,-39.98819075487221,-68.95246125937904,-2335.7819660745145,-0.042569267186324235,0.0036427918248258173,4
-1.9511018640386248,-18.040957046317722,-128.31488629171287,-1748.408268705092,-0.15316350427974076,0.014499729931842618,4
-0.29660745906979835,-19.54998338081266,324.46821716636725,967.9774391727661,0.31964845455346674,0.013940322661350426,0
-0.4555395260238707,-5.409778019204865,-120.23042668338523,1748.387131720382,-0.24565735151102405,0.020956206394938188,2
-0.4242363333980435,0.2339603466573048,-146.25945619590283,1224.8334347378357,-0.18668563148542738,0.0282295651597275,2
-1.5355721232071058,-17.81767578068576,92.11368011845119,1139.620376244641,0.15461190804606378,0.011418998064240052,0
-1.232523314768509,-10.358604332874213,99.98527379724766,2091.1879853836426,0.18362328759372348,0.019086114094599732,0
0.32405702822156063,-24.60543471055221,-78.55427473435354,-184.9744143010321,-0.2697959676682082,-0.0038836582020540323,2
1.0817667276728287,-13.249388266043061,71.31323154428586,2625.0891966034806,0.12916298653139394,0.010642813061925192,0
1.0450884740847535,-20.190832485671642,92.59103754958717,3215.621289606568,-0.10754461642579378,-0.00012906685267576544,0
-0.4511588584089988,3.5252719230462226,-407.44217291846263,167.9368335341642,0.28998833977170435,-0.0309121977535214,3
-0.4711246518178786,4.481924661732641,-48.84431814408907,4152.557123160209,-0.07788940638673472,-0.015017974008283102,3
1.341475915530881,-19.961987964076666,50.09508381226573,2906.7719898556693,-0.20943632252037117,-0.0009534537801327425,0
0.4794415180860639,35.68958819003049,39.47662168775528,494.6812716930824,0.3622802415438712,0.012683810263064263,1
0.0953441994413082,-15.205514048315278,132.9326252182176,1963.1351312616916,-0.0036184838791472277,0.014471791918242508,0
-0.3748220566218061,4.698206585609808,-213.1249508591946,-1448.430663051829,-0.23250582199057082,0.016984529743400485,4
2.012270445700765,-18.304288643360643,43.07420191153268,2617.5578478234556,0.256694828947519,-0.006251622467760494,0
1.494938227453236,-9.717536745266205,-344.02062205210314,-795.6700607717688,-0.36561410420423374,0.03758463985345739,4
-0.35802937974698623,-9.220462491519987,-200.13322195422685,-917.1036205900378,-0.15430409044295362,0.01761504183683706,4
-0.2440804736742013,-8.439837590793676,115.82323588965642,2019.8282763845943,-0.021242674136315576,0.025154486634328982,0
-0.39568071175626385,1.1962210952816732,-146.02555176718715,-306.20193180903965,-0.2905308645164979,0.031809508563499705,4
1.0417246640588513,-6.958637343103088,-100.14162985959207,-2020.4941494298448,0.007330938983759605,-0.004487669410930864,4
-2.832155598110569,-29.572813044037186,-310.8250398889089,401.6745830633304,0.27691243493924117,-0.01461140760805557,3
0.21539650545628794,-16.76650782017044,-213.091048828528,3262.370782367119,-0.24539156474568388,0.02083398736948351,2
-0.21220896990115168,4.148101595597479,-295.6896848700961,2237.313512179643,0.23726960809187708,-0.020391687300961046,3
1.8180619225578247,-30.615373655793654,-172.01924154503135,-2618.3555937175483,-0.12001149287934137,0.008975070317072582,4
1.6554071130882952,-3.16819717925944,-204.08836354730946,-1614.107324751059,-0.22652433519767634,0.017013036684459505,4
1.3289333195354096,-17.230618295142424,234.81308353372387,760.824062883933,0.22118467926325655,0.019333005639186603,0
-0.7699960661974573,15.357229438156871,350.80168123829776,-520.2917218957216,0.08951575317185384,0.02103863865063373,1
-0.12270893359572414,6.454376794687908,11.374925760189258,3359.15613268038,0.12208434625345013,-0.010606612392471626,3
-0.1590452104000513,12.278984177997462,164.77184091694147,329.90342422628237,0.030571276163398255,0.019328084591606922,1
-0.5388418561927383,-21.786312520473714,217.1962759728216,730.3930305158145,0.18617567626261705,0.007940098387160772,0
-1.2374266382225725,-19.156866645562623,-26.86606846218076,-1075.8477948406867,-0.05689744082297002,0.011355526275714274,4
0.5348173363459102,-23.5658259891856,84.60942324525558,2904.203433392219,-0.2501366711121296,-0.002666445633097887,2
-1.514470309180767,-9.055945922229599,-341.31858900645807,-1439.0723071998116,-0.32719707035454165,0.028452391894009686,4
0.31745326125017514,-17.140787083142474,-191.25820904115528,-1845.3911148280094,-0.05395995003162401,0.0030051750157520595,4
0.29219272832637316,-37.41281865510945,-87.47527525022485,2905.9437801856097,-0.04670176270433342,-0.009710168037924358,2
0.45768658605355206,4.14955205096823,-135.06974078856464,-2043.8379395520546,-0.1690132204953144,0.02696021222020942,2
0.20438903160297678,-8.472398569300228,-437.0836561994901,1324.627764956923,0.3838330688575477,-0.01675106251840955,3
-0.41360553342164424,13.345178999045352,-155.6734236166943,3463.100020101305,0.05070793513880933,-0.014092972428401138,3
-1.042044412243103,13.511672788542848,40.14314253502509,-1320.235765739645,0.06150639008657797,0.03599311875262435,1
-1.8179792253871547,-11.536394240287727,-88.81368454578315,-1698.4937723110263,-0.12519319949226607,0.011259872302370685,4
-0.11066536855732945,-25.937105217599637,-86.0668928809787,-1635.2558245404107,-0.09764941046524539,0.011966074864686838,4
-0.11676591579524663,21.79846586022058,151.50878902890784,-870.4609331304172,0.23152416007736637,0.0007822940481885898,1
0.17183933979353122,-1.9424111106300401,126.99267000705525,1164.7897742159291,0.2389566541389,0.03914470863917226,0
-0.8372624310497003,9.572448426435468,196.66061362407686,-1093.0330226187812,0.10591015679228902,0.013628990108174166,1
-0.039307287627631186,-18.605144849902075,186.68240939577154,817.5498879361684,0.1785740743312943,0.013137271943719657,0
0.5082686396745896,2.6968881002159173,36.760986270635,1072.2709012975665,-0.31931656625308585,0.023317415197260265,2
-0.8603850107795019,-2.518323306917376,-178.92852191278772,542.8881152296301,0.19806702346805377,-0.023531147876976636,3
-0.9627325652846123,-20.283161317790896,-345.44844075468353,295.1125864220039,0.39774615975154326,-0.0130480425232553,3
0.03444101170584135,14.892508664883595,-290.72837631186076,2277.4767910890896,0.334347233949715,-0.019754135547521774,3
-0.28744751940035557,-14.52045966237674,-110.42683382190302,2098.4884144118555,-0.0008433169237378691,0.007657307665974165,2
0.3614173172731029,-11.016455092991908,-110.6317866168062,-2093.69706620395,-0.13985862156340703,0.007734307679345622,4
-1.0040545968420103,10.093850920388583,150.13637051133978,-1065.359891411705,0.06131261500703255,0.030605342054421513,1
0.3496500472996937,-8.66825102846097,194.75602427212266,943.5687118242096,0.11897169592227277,0.031807403063067057,0
-0.5495402745955349,2.8834002364662514,330.40810413430444,-1510.0099486635163,0.031534234674197935,0.014130575480640686,3
-0.6068651778571754,3.7684806335571097,-196.54227685675102,2121.398775214285,-0.24078327711606914,0.03813044924134313,2
-1.28716356858425,-4.227598717423319,-12.63674465762914,2373.32194110205,0.11972396895051769,-0.014133606623679138,3
-2.4883273534129895,-28.59341293714138,-173.88334345871195,-234.28452295452007,0.33081256836499556,-0.012298188757255421,3
-0.1755639454992155,-25.1946067528689,-363.35642358848787,722.7064902543304,0.21822465897416943,0.0015990627358467991,2
1.7041055162554912,11.688204897703546,57.97444588308056,-3031.527625990694,0.09063823513573965,0.016253094965979965,1
0.1998104337187135,-0.09960529433218568,-371.90853912193893,1138.6646342692604,0.3591581272720183,-0.018366130293123808,3
0.3011073391917421,18.384980668937704,148.40711658603792,-144.0514796021859,0.08703920912738593,0.009203850629872118,1
0.5628808601743548,-11.66472209605773,130.83006237652566,-455.0537643734347,0.3661965515819399,0.027683230039925774,0
-0.05658848889989584,-1.012622738150759,-305.3020864506031,-1026.7355247159753,-0.2637513575919118,0.025236720944091254,4
-0.336254738681072,-6.785686797378583,-68.21112587136271,1411.993346709489,0.2011756464661657,-0.01803649870218914,3
1.4313667818311835,-24.262268792368438,192.74819404527037,2408.663926932384,0.07102428850966495,-0.0030843094308134343,0
-0.41619440488525394,-8.161734226733987,-242.30658375993787,101.67243504445112,-0.1497650024477787,0.02972775211394244,2
-1.1302037246739238,-19.072563503325757,-312.8452172529348,-299.1574861584161,0.40388242077642933,-0.015881232296252462,3
-0.5574230531083212,13.511201053547488,56.6445762926608,-2284.588684950837,0.14001763311542556,0.009170454817757441,1
-0.9489165208248372,-15.287432022518658,45.623009074808806,3706.4713839936876,-0.2989199784492886,0.008362710364162999,2
-2.100026507651624,-12.956412098736118,230.04552797951536,1513.0465537693415,-0.014436604956647937,0.025049714927778917,0
-0.3294477863470914,-6.810697633401681,65.32370236433012,2009.2911608203697,0.0037946011055408624,0.025148878927891798,0
0.5723903111756757,-12.588266408161083,-291.48938703163327,-1699.851563783599,-0.212403867336458,0.018607051093600686,4
