date_1,date_2,date_3
2024-01-01,2024/05/01,01-Sep-2024
2024-01-02,2024/05/02,02-Sep-2024
2024-01-03,2024/05/03,03-Sep-2024
2024-01-04,2024/05/04,04-Sep-2024
2024-01-05,2024/05/05,05-Sep-2024
2024-01-06,2024/05/06,06-Sep-2024
2024-01-07,2024/05/07,07-Sep-2024
2024-01-08,2024/05/08,08-Sep-2024
2024-01-09,2024/05/09,09-Sep-2024
2024-01-10,2024/05/10,10-Sep-2024
2024-01-11,2024/05/11,11-Sep-2024
2024-01-12,2024/05/12,12-Sep-2024
2024-01-13,2024/05/13,13-Sep-2024
2024-01-14,2024/05/14,14-Sep-2024
2024-01-15,2024/05/15,15-Sep-2024
2024-01-16,2024/05/16,16-Sep-2024
2024-01-17,2024/05/17,17-Sep-2024
2024-01-18,2024/05/18,18-Sep-2024
2024-01-19,2024/05/19,19-Sep-2024
2024-01-20,2024/05/20,20-Sep-2024
2024-01-21,2024/05/21,21-Sep-2024
2024-01-22,2024/05/22,22-Sep-2024
2024-01-23,2024/05/23,23-Sep-2024
2024-01-24,2024/05/24,24-Sep-2024
2024-01-25,2024/05/25,25-Sep-2024
2024-01-26,2024/05/26,26-Sep-2024
2024-01-27,2024/05/27,27-Sep-2024
2024-01-28,2024/05/28,28-Sep-2024
2024-01-29,2024/05/29,29-Sep-2024
2024-01-30,2024/05/30,30-Sep-2024
2024-01-31,2024/05/31,01-Oct-2024
2024-02-01,2024/06/01,02-Oct-2024
2024-02-02,2024/06/02,03-Oct-2024
2024-02-03,2024/06/03,04-Oct-2024
2024-02-04,2024/06/04,05-Oct-2024
2024-02-05,2024/06/05,06-Oct-2024
2024-02-06,2024/06/06,07-Oct-2024
2024-02-07,2024/06/07,08-Oct-2024
2024-02-08,2024/06/08,09-Oct-2024
2024-02-09,2024/06/09,10-Oct-2024
2024-02-10,2024/06/10,11-Oct-2024
2024-02-11,2024/06/11,12-Oct-2024
2024-02-12,2024/06/12,13-Oct-2024
2024-02-13,2024/06/13,14-Oct-2024
2024-02-14,2024/06/14,15-Oct-2024
2024-02-15,2024/06/15,16-Oct-2024
2024-02-16,2024/06/16,17-Oct-2024
2024-02-17,2024/06/17,18-Oct-2024
2024-02-18,2024/06/18,19-Oct-2024
2024-02-19,2024/06/19,20-Oct-2024
